Acronym,Authors,Year,LongDescription,Journal,Detailed Definition
AbnormalAccruals,Xie,2001,Abnormal Accruals,AR,"Define Accruals as net income (ib) minus operating cash flow (oancf), divided by average total assets (at) for years t-1 and t. If oancf is missing, replace operating cash flow with funds from operations (fopt) minus the annual change in total current assets (act) plus the annual change in cash and short-term investments (che) plus the annual change in current liabilities (lct) minus the annual change in debt in current liabilities (dlc). For each year t and 2-digit sic code, regress Accruals on: the inverse of average total assets for year t-1, the change in revenue (sale) from year t-1 to t divided by total assets for t-1, propery plant and equipment (ppegt) divided by total assets for t-1.  AbnormalAccrual is the residual from this cross-sectional regression.  See code for more details."
Accruals,Sloan,1996,Accruals,AR,"Accruals = ( (act - l12.act) - (che - l12.che) - ( (lct - l12.lct) - (dlc - l12.dlc) - (tempTXP - l12.tempTXP) ) - dp ) / ( (at + l12.at)/2), where tempTXP is either txp or 0 (if txp is missing)."
AccrualsBM,Bartov and Kim,2004,Book-to-market and accruals,RFQA,"Binary variable equal to 1 if stock is in the highest Accrual quintile and the lowest BM quintile, and equal to 0 if stock is in the lowest Accrual quintile and the highest BM quintile. Exclude if book equity (ceq) is negative."
Activism1,Cremers and Nair,2005,Takeover vulnerability,JF,"24 minus Governance Index (G). Set to missing if G is missing, or if not in the highest quartile of institutional ownership (maxinstown\_perc), or if dual share class."
AM,Fama and French,1992,Total assets to market,JF,Total assets (at) divided by market value of equity.
AnalystRevision,"Hawkins, Chamberlin, Daniel",1984,EPS forecast revision,FAJ,"keep fpi == ""1"", last obs each month.  Signal is meanest / last month's meanest."
AnnouncementReturn,"Chan, Jegadeesh and Lakonishok",1996,Earnings announcement return,JF,Get announcement date for quarterly earnings from IBES (fpi = 6). AnnouncementReturn is the sum of (ret - mktrf + rf) from two days before an earnings announcement to 1 days after the announcement.
AssetGrowth,"Cooper, Gulen and Schill",2008,Asset growth,JF,Annual growth rate of total assets (at)
BetaLiquidityPS,Pastor and Stambaugh,2003,Pastor-Stambaugh liquidity beta,JPE,"Monthly excess return (ret -rf) regressed on innovations in liquidity from Pastor's website (\url{https://faculty.chicagobooth.edu/lubos.pastor/research/liq_data_1962_2018.txt}). Use 60 month rolling window regression, and require at least 36 non-missing observations."
BetaTailRisk,Kelly and Jiang,2014,Tail risk beta,RFS,"Each month, compute the 5th percentile over daily returns over all firms. For all daily return observations with return below that 5th percentile, compute the average of (log(ret/5th percentile of cross-sectional return distribution). Call that average tailEX. BetaTailRisk is the coefficient of a 120-month rolling regression of a firm's stock return on tailEX. Exclude if price less than 5 or share code greater than 11."
betaVIX,Ang et al.,2006,Systematic volatility,JF,Coefficient on daily change in the VIX of a 1-month rolling window regression of daily stock excess returns on market return and the daily change in the CBOE S&P 100 volatility index (downloaded from FRED). Require at least 15 non-missing observations.
BM,"Rosenberg, Reid, and Lanstein",1985,Book to market using most recent ME,JF,Log of annual book equity (ceq) over market equity.
BMdec,Fama and French,1992,Book to market using December ME,JPM,BM using most recent December value of market equity.
BookLeverage,Fama and French,1992,Book leverage (annual),JF,"Total assets (at) divided by book value of equity plus deferred taxes (txditc) and preferred stock. Equity is shareholder equity (seq) if available, or book equity (ceq) plus preferred stock (pstk, if missing pstkrv, if missing pstkl), or total assets minus total liabilities (lt)."
BPEBM,"Penman, Richardson and Tuna",2007,Leverage component of BM,JAR,"BP - EBM, where BP = (ceq + tstkp - dvpa)/(shrout*abs(prc)), and EBM is defined above. Exclude if price less than 5."
Cash,Palazzo,2012,Cash to assets,JFE,Ratio of quarterly cash and short-term investments (cheq) and total assets (atq).
CashProd,Chandrashekar and Rao,2009,Cash Productivity,WP,Calculate market value of equity (mve_c) as absolute price (prc) times number of shares outstanding (shrout). Cash productivity is equal to the difference between mve_c and total assets (at) divided by cash and short-term investments (che).
CBOperProf,Ball et al.,2016,Cash-based operating profitability,JFE,"Revenue (revt) minus cost (cogs) - (administrative expenses (xsga) - R&D expenses (xrd))  minus annual change in receivables (rect), annual change in investment (invt) and annual change in prepaid expenses, plus annual change in current deferred revenue (drc), long-term deferred revenue (drlt), accounts payable (ap) and accrued expenses (xacc), all divided by total assets (at) in year t. Replace all variables in the numerator with 0 if they are missing. Exclude if share code is greater 11, market value of equity, BM or total assets are missing, or if SIC code between 6000 and 6999."
CF,"Lakonishok, Shleifer, Vishny",1994,Cash flow to market,JF,Net income (ib) plus depreciation (dp) divided by market equity. Exclude NASDAQ stocks.
cfp,"Desai, Rajgopal, Venkatachalam",2004,Operating Cash flows to price,AR,"Operating cash-flow (oancf) divided by market value of equity. If operating cash-flow is missing, replace by difference betwee net income (ib) and level of accruals, where the latter is the annual change in current assets (act) minus the annual change in cash and short-term investments (che), minus the annual change in current liabilities (lct) plus the annual change in debt in current liabilities (dlc) plus the annual change in payable income taxes (txp) plus depreciation (dp)."
ChangeInRecommendation,Jegadeesh et al.,2004,Change in recommendation,JF,"keep last ireccd each month, then average across analysts for each firm-month.  Define opscore as 6-ireccd.  Signal is opscore - last month's opscore."
ChAssetTurnover,Soliman,2008,Change in Asset Turnover,AR,Annual change in AssetTurnover (defined above). Exclude if price less than 5.
ChEQ,Lockwood and Prombutr,2010,Growth in book equity,JFR,Ratio of book equity (ceq) to book equity in the previous year. Include only if book equity is positive this year and last year.
ChForecastAccrual,Barth and Hutton,2004,Change in Forecast and Accrual,RAS,"Within upper half of Accruals distribution, equal to 1 if mean earnings estimate increased relative to the previous month. 0 if it decreased."
ChInv,Thomas and Zhang,2002,Inventory Growth,RAS,12 month change in inventory (invt) divided by average total assets.
ChInvIA,Abarbanell and Bushee,1998,Change in capital inv (ind adj),AR,"Growth in capital expenditure (capx) minus average growth in capital expenditure in the same industry (two-digit SIC). If capx is missing, capital expenditure is defined as the annual change in property, plant and equipment (ppent). Capital expenditure growth is defined as the percentage growth of capx today relative to the average capx over the previous two years (.5*(capx$_{t-1}$ + capx$_{t-2}$), or as percentage growth relative to the previous year only if t-2 is missing."
ChNAnalyst,Scherbina,2008,Decline in Analyst Coverage,ROF,"Using IBES forecasts, keep if fpi = 1, fpedats not missing, and fpedats > statpers + 30.  Binary variable equal to 1 if the number of analysts (numest) for next quarter's EPS estimate decreased relative to three months ago, and 0 if it increased.  Keep if in bottom two size quintiles among all firms to match OP's table."
ChNNCOA,Soliman,2008,Change in Net Noncurrent Op Assets,AR,Twelve-month change in noncurrent operating assets. Noncurrent operating assets is ( (at - act - ivao) - (lt - dlc - dltt) )/at.
ChNWC,Soliman,2008,Change in Net Working Capital,AR,Twelve-month change in net working capital. Net working capital is ( (act - che) - (lct - dlc) )/at
ChTax,Thomas and Zhang,2011,Change in Taxes,JAR,"4-quarter change in quarterly total taxes (txtq), scaled by lagged total assets (at)."
CitationsRD,"Hirschleifer, Hsu and Li",2013,Citations to RD expenses,JFE,"Drop obs before 1975.  Set expenses for research and development (xrd) and number of citations (ncit)  to 0 if missing. Calculate Citations to RD as sum of citations over previous 5 years divided by sum of xrd over years $t-3, \ldots, \t-7$.  Drop if denominator = 0,  2 years or less in Compustat, sic in 6000s, ceq < 0.  Double independent sort using (a) size NYSE median (b) terciles of Citations to RD.  Long if in small size, highest tercile of Citations to RD, short if in small size, smallest tercile."
CompEquIss,Daniel and Titman,2006,Composite equity issuance,JF,5 year growth rate of market value of equity minus 5 year stock return.
CompositeDebtIssuance,"Lyandres, Sun and Zhang",2008,Composite debt issuance,RFS,Log of long-term debt (dltt) plus debt in current liabilties (dlc) minus log of the same variable 5 years ago.
ConvDebt,Valta,2016,Convertible debt indicator,JFQA,Binary variable equal to 1 if deferred charges (dc) greater than 0 or common shares reserved for convertible debt (cshrc) greater than 0.
CoskewACX,"Ang, Chen and Xing",2006,Coskewness using daily returns,RFS,"Signal is the sample counterpart of $E[\tilde{r}_{it} \tilde{r}_{mt}^2]/( SD[\tilde{r}_{it} ] SD[\tilde{r}_{mt}]^2$ where $\tilde{r}_{it}$ is the de-meaned stock return and $\tilde{r}_{mt}$ is the de-meaned market excess return.  Signal is computed using the past year of daily data, and using the NYSE CRSP VW index for the market (dsia), with returns continuously compounded.  See code for details."
CredRatDG,Dichev and Piotroski,2001,Credit Rating Downgrade,JF,"A downgrade happens if credit rating (splticrm) decreased by at least one notch relative to the previous month.  CredRatDG = 1 if a downgrade happened over the past 3 months.  OP studies Moody's ratings changes between 1970 and 1997, but our data doesn't begin in earnest until 1986, and our sample definitions apply to returns, and this predictor implicitly averages over the past 6 months."
CustomerMomentum,Cohen and Frazzini,2008,Customer momentum,JF,Based on firms' principals customers from Compustat Segment data as in Cohen and Frazzini.
DelBreadth,"Chen, Hong and Stein",2002,Breadth of ownership,JFE,Quarterly change in the number of institutional owners (numinstowners) from 13F data. Exclude if in the lowest quintile of stocks by market value of equity (based on NYSE stocks only).
DelCOA,Richardson et al.,2005,Change in current operating assets,JAE,"Difference in current operating assets (total current assets (act) minus cash and short-term investments (che)) between years t-1 and t, scaled by average total assets (at) in years t-1 and t."
DelCOL,Richardson et al.,2005,Change in current operating liabilities,JAE,"Difference in current operating liabilities (total current liabilities (lct) minus debt in current liabilities (dlc)) between years t-1 and t, scaled by average total assets (at) in years t-1 and t."
DelEqu,Richardson et al.,2005,Change in equity to assets,JAE,"Difference in book equity (ceq) between years t-1 and t, scaled by average total assets (at) in years t-1 and t."
DelFINL,Richardson et al.,2005,Change in financial liabilities,JAE,"Difference in financial liabilities (sum of long-term debt (dltt), current liabilitites (dlc) and preferred stock (pstk)) between years t-1 and t, scaled by average total assets (at) in years t-1 and t."
DelLTI,Richardson et al.,2005,Change in long-term investment,JAE,"Difference in investment and advances (ivao) between years t-1 and t, scaled by average total assets (at) in years t-1 and t."
DelNetFin,Richardson et al.,2005,Change in net financial assets,JAE,"Compute the sum of short-term investments (ivst) and investments and advances (ivao) minus the sum of long-term debt (dltt), debt in current liabilities (dlc) and preferred stock capital. Divide the difference between the current and one-year lagged sum by total assets (at) averaged over the current and previous fiscal years."
DivInit,"Michaely, Thaler and Womack",1995,Dividend Initiation,JF,"Keep only distcd 2nd digit = 2 or 3.  Define dividend initiation as having paid a dividend in month t (divamt > 0), and not having paid a dividend in the last 24 months.  DivInit is equal to 1 if a dividend was initiated in the past 6 months, and 0 for all other stocks."
DivOmit,"Michaely, Thaler and Womack",1995,Dividend Omission,JF,"Keep only distcd 2nd digit = 2 or 3.  Define firms as quarterly, semi-annual, or annual payers based on payment history.  Define a consistent payer as a firm that paid quarterly or semi-annual dividends for the past 18 months, or annual dividends for the past 2 years.  An omission is the first month where a consistent payer failed to pay a dividend over the past quarter/6-months/year.  Finally, DivOmit = 1 if there is an omission in the past 2 months and 0 otherwise"
DivSeason,Hartzmark and Salomon,2013,Dividend seasonality,JFE,"Drop if 3rd digit of distcd = 2 or >= 6.  Assign DivSeason = 0 if there was a dividend paid in the last 12 months.  Replace DivSeason = 1 if the third digit of disctcd is 3, 0, or 1, and a positive dividend was paid 2, 5, 8, or 11 months ago, if the third digit is 4 and a dividend was paid 5 or 11 months ago, or if the third digit is 5 and a dividiend was paid 11 months ago."
DivYieldST,Litzenberger and Ramaswamy,1979,Predicted div yield next month,JF,"Using CRSP distributions, keep only distcd beginning in 12 and if the third digit of distcd is 3, 4, or 5.  Also keep only if stock paid a dividend in the last 12 months.  Define Ediv1 = div 2 months ago if distcd's 3rd digit is 0, 1, or 3.  Define Ediv1 = div 5 months ago if the distcd 3rd digit is 4.  Define Ediv = div 11 months ago if the distcd 3rd digit is 5.  Define Edy1 as Ediv1/abs(prc).  Finally, discretize Edy1 to smooth around the huge mass at 0 as follows: DivYieldST = 0 if Edy1 = 0, 1 if Edy is between 0 and 0.005, 2 if Edy1 is between 0.005 and 0.010, and 3 if Edy > 0.010."
dNoa,"Hirshleifer, Hou, Teoh, Zhang",2004,change in net operating assets,JAE,"12-month growth in Net Operating Assets scaled by lagged total assets (at). Net Operating assets are operating assets minus operating liabilities. Operating assets are total assets (at) minus cash- and short-term investments (che), operating liabilities are total assets minus long-term debt (dltt), minority interest (mib), deferred charges (dlc), book equity (ceq) and preferred stock (pstk), all items (except at and ceq) replaced with 0 if missing."
DolVol,"Brennan, Chordia, Subra",1998,Past trading volume,JFE,Log of two-month lagged trading volume (vol) times two-month lagged price (prc).
EarningsConsistency,Alwathainani,2009,Earnings consistency,BAR,"Average earnings growth over previous 48 months. Earnings growth is defined as EPS (epspx) minus EPS 12 months ago divided by average EPS 12 and 24 months ago. Exclude if price less than 5, absolute value of 12 month earnings growth greater 600%, or earnings growth and earnings growth 12 months ago have different signs."
EarningsForecastDisparity,Da and Warachka,2011,Long-vs-short EPS forecasts,JFE,Analyst forecasted 5-year earnings growth (fgr5yr) minus 100 times the difference between mean earnings forecast (meanest) and fiscal year earnings expectations (fy0a) scaled by the absolute value of fy0a.  Drop if fpedats is missing or fpedats - statpers < 30
EarningsStreak,Loh and Warachka,2012,Earnings surprise streak,MS,Use fpi == 6 and only the last statpers for each anndats_act.  Define surp = (actual - meanest)/price.  Define a firm-anndats as a streak if surp has the same sign as the most recent surp observation.  Keep only streaks.  Then define signal = surp.
EarningsSurprise,"Foster, Olsen and Shevlin",1984,Earnings Surprise,AR,"EPS (epspxq) minus EPS twelve months ago - Drift, scaled by standard deviation of that expression. Drift is the average earnings growth (EPS - EPS twelve months ago) over the past two years. Exclude if price less than 5"
EarnSupBig,Hou,2007,Earnings surprise of big firms,RFS,Average monthly value of EarningsSurprise (defined above) of the 30% largest companies by market value of equity in the same Fama-French 48 industry. Exclude the largest 30% of companies for EarnSupBig (not to compute the anomaly)
EBM,"Penman, Richardson and Tuna",2007,Enterprise component of BM,JAR,(ceq + che - dltt - dlc - dc - dvpa+ tstkp ) / (mve\_c + che - dltt - dlc - dc - dvpa+ tstkp). Exclude if price less than 5.
EntMult,Loughran and Wellman,2011,Enterprise Multiple,JFQA,"Market value of equity + long-term debt (dltt) + debt in current liabilities (dlc) + deferred charges (dc) - cash and short-term investments (che) , divided by operating income (oibdp). Exclude if missing book equity or negative operating income."
EP,Basu,1977,Earnings-to-Price Ratio,JF,"ib / lag(market value of equity, 6 months).  NYSE stocks only.  Exclude if EP < 0.  Lag simulates the Dec 31 market equity used in original paper"
EquityDuration,"Dechow, Sloan and Soliman",2004,Equity Duration,RAS,see code
ExchSwitch,Dharan and Ikenberry,1995,Exchange Switch,JF,"Binary variable equal to 1 if a firm switched from AMEX or NASDAQ to NYSE within the past year, or from NASDAQ to AMEX within the past year."
ExclExp,"Doyle, Lundholm and Soliman",2003,Excluded Expenses,RAS,Difference between unadjusted earnings (EPSActualUnadj) from IBES and quarterly earnings per share (epspiq). Exclude the highest and lowest 1% of values.
FEPS,"Cen, Wei, and Zhang",2006,Analyst earnings per share,WP,"Using IBES unadjusted forecasts, keep fpi == 1, signal is meanest."
fgr5yrLag,La Porta,1996,Long-term EPS forecast,JF,"Lag long-term earnings forecast (fgr5yr) by 6 months.   Then keep only June observations, and fill in missing with most recent obs.  Exclude if book equity (ceq), net income (ib), deferred taxes (txdi), dividends (dvp), revenue (sale) or depreciation (dp) is missing.  Keep only"
FirmAgeMom,Zhang,2004,Firm Age - Momentum,JF,"6 month return, restricted to the bottom quintile of the cross-sectional firm age distribution. Exclude if price less than 5 or firm younger than 12 months."
ForecastDispersion,"Diether, Malloy and Scherbina",2002,EPS Forecast Dispersion,JF,Keep fpi = 1 and fpedats > statpers + 30.  Standard deviation of earnings estimates (stdev\_est) scaled by mean earnings estimate.
Frontier,Nguyen and Swanson,2009,Efficient frontier index,JFQA,"Frontier is the residual of a regression of log(BM) on log(book equity (ceq)), long-term debt (dltt) to assets (at), capital expenditures (capx) to revenue (sale), R&D expense (xrd) to revenue, advertising expense (xad) to revenue, property plant and equipment (ppent) to assets, EBIT (ebitda) to assets, and dummies for Fama-French's 48 industry definitions. Regression is updated each month with a rolling window of 60 months."
Governance,"Gompers, Ishii and Metrick",2003,Governance Index,QJE,"Index available from http://fac
ulty.som.yale.edu/andrewmetrick/data.html . The index is only available every 2-3 years for each firm, we replace intermediate missing values with the latest available one.  Value-weighted."
GP,Novy-Marx,2013,gross profits / total assets,JFE,"Revenue (sale) - cost of goods solds (cogs), divided by  total assets (at).  Drop if financial."
GrAdExp,Lou,2014,Growth in advertising expenses,RFS,"Log of advertising expense (xad) minus log of advertising expense last year. Exclude if price less than 5, xad less than .1 or stock in the lowest decile of market value of equity."
grcapx,Anderson and Garcia-Feijoo,2006,Change in capex (two years),JF,"Growth rate of capital expenditures (capx) relative to two years ago.   If capx is missing, replace with annual change in property, plant and equipment (ppent)."
grcapx3y,Anderson and Garcia-Feijoo,2006,Change in capex (three years),JF,"Capital expenditures (capx) divided by the sum of capital expenditures from year - 1, year -2, and year -3.   If capx is missing, replace with annual change in property, plant and equipment (ppent)."
Herf,Hou and Robinson,2006,Industry concentration (sales),JF,"Three-year rolling average of the three digit industry Herfindahl index based on firm revenue (sale). Exclude regulated industries (4011, 4210, 4213 & year $\leq$ 1980; 4512 & year $\leq$ 1978, 4812, 4813 & year $\leq$ 1982, 4900-4999 in any year)"
HerfBE,Hou and Robinson,2006,Industry concentration (equity),JF,"Three-year rolling average of the three digit industry Herfindahl index based on firm book equity. Exclude regulated industries (4011, 4210, 4213 & year $\leq$ 1980; 4512 & year $\leq$ 1978, 4812, 4813 & year $\leq$ 1982, 4900-4999 in any year)"
hire,"Bazdresch, Belo and Lin",2014,Employment growth,JPE,"Change in number of employees (emp) between t -1 and t, scaled by average number of employees in t-1 and t. Replace hire with 0 if emp or lagged emp is missing."
IdioRisk,Ang et al.,2006,Idiosyncratic risk,JF,Standard deviation of residuals from CAPM regressions using the past month of daily data.  Value weighted
IdioVol3F,Ang et al.,2006,Idiosyncratic risk (3 factor),JF,Standard deviation of residuals from Fama-French three factor regressions using the past month of daily data.  Value weighted
IdioVolAHT,"Ali, Hwang, and Trombley",2003,Idiosyncratic risk (AHT),JFE,Standard deviation of residuals from CAPM regressions using the past year of daily data. Require at least 100 non-missing observations.
Illiquidity,Amihud,2002,Amihud's illiquidity,JFM,Past twelve month average of: daily return (abs(ret)) divided by turnover((abs(prc)*vol)
IndIPO,Ritter,1991,Initial Public Offerings,JF,1 if IPO in the past 6-36 months.  0 otherwise.  IPO dates are taken from Jay Ritter's IPO data available at: http://bear.warrington.ufl.edu/ritter/ipodata.htm.  Missing IPO dates imply IndIPO = 0
IndMom,Grinblatt and Moskowitz,1999,Industry Momentum,JFE,Weighted average of firm-level 6 month buy-and-hold return. Average is taken over two digit industries each month and weights are based on market value of equity.
IndRetBig,Hou,2007,Industry return of big firms,RFS,Average monthly return (ret) of the 30% largest companies by market value of equity in the same Fama-French 48 industry. Exclude the largest 30% of companies for IndRetBig (not to compute the anomaly!)
IntanBM,Daniel and Titman,2006,Intangible return using BM,JF,"In each month, run a cross-sectional regression of a firm's five-year stock return on 5 year lagged BM (defined above) and a constructed regressor that is the change in BM from 5 years ago to today plus the five-year stock return. The residual from that regression is IntanBM."
IntanCFP,Daniel and Titman,2006,Intangible return using CFtoP,JF,"In each month, run a cross-sectional regression of a firm's five-year stock return on the 5 year lagged  CFP = (net income (ni) plus depreciation (dp))/market value of equity and a constructed regressor that is the change in CFP from 5 years ago to today plus the five-year stock return. The residual from that regression is IntanCFP.
"
IntanEP,Daniel and Titman,2006,Intangible return using EP,JF,"In each month, run a cross-sectional regression of a firm's five-year stock return on the 5 year lagged  EP = net income (ni)/market value of equity and a constructed regressor that is the change in EP from 5 years ago to today plus the five-year stock return. The residual from that regression is IntanEP.
"
IntanSP,Daniel and Titman,2006,Intangible return using Sale2P,JF,"In each month, run a cross-sectional regression of a firm's five-year stock return on 5 year lagged SP (defined above) and a constructed regressor that is the change in SP from 5 years ago to today plus the five-year stock return. The residual from that regression is IntanSP."
IntMom,Novy-Marx,2012,Intermediate Momentum,JFE,Stock return between months t-12 and t-6
Investment,"Titman, Wei and Xie",2004,Investment to revenue,JFQA,Ratio of capital investment (capx) to revenue (revt) divided by the firm-specific 36-month rolling mean of that ratio. Exclude if revenue less than \$10m.
InvestPPEInv,"Lyandres, Sun and Zhang",2008,change in ppe and inv/assets,RFS,"One-year change in property, plants and equipment (ppegt) plus one year change in inventory (invt), scaled by one-year lagged assets (at)."
InvGrowth,Belo and Lin,2012,Inventory Growth,RFS,"Defate invt growth using gnp deflator.  Signal is deflated invt growth rate from fiscal year t to fiscal year t-1.  Drop if 1 digit sic code is 4 or 6, or if at or ppent <= 0"
iomom_cust,Menzly and Ozbas,2010,Customers momentum,JF,"We download BEA data as follows: Pre-1996: https://www.bea.gov/industry/input-output-accounts-data, Click: ""Historical Make-Use Tables"". 1997-present: download zip file: https://apps.bea.gov//industry/iTables%20Static%20Files/AllTablesSUP.zip. But keep only Supply_1997-2018_SUM.xlsx (a.k.a. Make)  and Use_SUT_Framework_1997-2018_SUM.xlsx (a.k.a. Use). Assume these data are available 5 years after the survey year in the spreadsheet.  Match Compustat firm-years to the BEA data by NAICS code.  Compute returns within each BEA industry (we're using the roughly 70 industry version).  Then match each industry-year to ""matched-industry weights"" corresponding to IO tables as follows: for supplier momentum, industry comes from cols of ""Use"" table, matched industries from the rows.  For customer momentum: industry comes from rows of make (a.k.a. supply) table, matched industries come from cols.  Weights exclude own-industry entries.  For each industry-month, compute the weighted average of returns of matched industries using previously mentioned weights.  Then we sort industries into deciles based on matched returns. Then we assign each firm-month to an industry decile.  Finally, we long stocks in industry deciles 8-10 and short stocks in industry decile 1.  Drop pre-1986 due to NAICS availability.  
"
iomom_supp,Menzly and Ozbas,2010,Suppliers momentum,JF,"We download BEA data as follows: Pre-1996: https://www.bea.gov/industry/input-output-accounts-data, Click: ""Historical Make-Use Tables"". 1997-present: download zip file: https://apps.bea.gov//industry/iTables%20Static%20Files/AllTablesSUP.zip. But keep only Supply_1997-2018_SUM.xlsx (a.k.a. Make)  and Use_SUT_Framework_1997-2018_SUM.xlsx (a.k.a. Use). Assume these data are available 5 years after the survey year in the spreadsheet.  Match Compustat firm-years to the BEA data by NAICS code.  Compute returns within each BEA industry (we're using the roughly 70 industry version).  Then match each industry-year to ""matched-industry weights"" corresponding to IO tables as follows: for supplier momentum, industry comes from cols of ""Use"" table, matched industries from the rows.  For customer momentum: industry comes from rows of make (a.k.a. supply) table, matched industries come from cols.  Weights exclude own-industry entries.  For each industry-month, compute the weighted average of returns of matched industries using previously mentioned weights.  Then we sort industries into deciles based on matched returns. Then we assign each firm-month to an industry decile.  Finally, we long stocks in industry deciles 8-10 and short stocks in industry decile 1.   Drop pre-1986 due to NAICS availability.  
"
Leverage,Bhandari,1988,Market leverage,JFE,Total liabilities (lt) divided by market value of equity.
LRreversal,De Bondt and Thaler,1985,Long-run reversal,JF,Stock return between months t-36 and t-13.
MaxRet,"Bali, Cakici, and Whitelaw",2010,Maximum return over month,JF,Maximum of daily returns (ret) over the previous month
MeanRankRevGrowth,"Lakonishok, Shleifer, Vishny",1994,Revenue Growth Rank,JF,"Rank firms by their annual revenue growth each year over the past 5 years. MeanRankRevGrowth is the weighted average of ranks over the past 5 years, that is, MeanRankRevGrowth = (5*Rank$_{t-1}$ + 4*Rank$_{t-2}$ + 3*Rank$_{t-3}$ + 2*Rank$_{t-4}$ + 1*Rank$_{t-5}$)/15. Exclude NASDAQ stocks."
Mom12m,Jegadeesh and Titman,1993,Momentum (12 month),JF,Stock return between months t-12 and t-1
Mom12mOffSeason,Heston and Sadka,2008,Momentum without the seasonal part,JFE,Average return in  other months over the previous year.
Mom6m,Jegadeesh and Titman,1993,Momentum (6 month),JF,Stock return between months t-6 and t-1
Mom6mJunk,Avramov et al,2007,Junk Stock Momentum,JF,Mom6m. Include only stocks with a credit rating (splticrm) of BBB or lower
MomOffSeason,Heston and Sadka,2008,Off season long-term reversal,JFE,Average return in other months over the preceding 2-5 years.
MomOffSeason06YrPlus,Heston and Sadka,2008,Off season reversal years 6 to 10,JFE,Average return in other months over the preceding 6-10 years.
MomOffSeason16YrPlus,Heston and Sadka,2008,Off season reversal years 16 to 20,JFE,Average return in other months over the preceding 16-20 years.
MomRev,Chan and Ko,2006,Momentum and LT Reversal,JOIM,"Binary variable equal to 1 if firm is in the highest Mom6m quintile and the lowest Mom36m quintile, and equal to 0 if firm is in the lowest Mom6m quintile and the highest Mom36m quintile. Exclude if price less than 5."
MomSeason,Heston and Sadka,2008,Return seasonality years 2 to 5,JFE,Average return in the same month over the preceding 2-5 years.
MomSeason06YrPlus,Heston and Sadka,2008,Return seasonality years 6 to 10,JFE,Average return in the same month over the preceding 6-10 years.
MomSeason11YrPlus,Heston and Sadka,2008,Return seasonality years 11 to 15,JFE,Average return in the same month over the preceding 11-15 years.
MomSeason16YrPlus,Heston and Sadka,2008,Return seasonality years 16 to 20,JFE,Average return in the same month over the preceding 16-20 years.
MomSeasonShort,Heston and Sadka,2008,Return seasonality last year,JFE,Average return in the same monthin the previous year.
MomVol,Lee and Swaminathan,2000,Momentum in high volume stocks,JF,"Define momentum as Mom6m, and volume as the rolling average of the past 6 months of monthly turnover (minimum 5 months).  Independent sort stocks into 10 momentum ports and 3 volume ports. Keep if volume is in the top port, and assign signal = momentum port.  Drop if less than 2 years on CRSP."
MS,Mohanram,2005,Mohanram G-score,RAS,"See code for details.  MS is only evaluated for low BM firms and comes from combining three signals related to profitability and cash flow, two signals related to income volatility, and three signals related to investment."
NetDebtFinance,"Bradshaw, Richardson, Sloan",2006,Net debt financing,JAE,"Long-term debt issuance (dltis) minus long-term debt reduction (dltr) minus current debt changes (dlcch), scaled by average total assets (at) in years t-1 and t. Replace missing values of dlcch with 0. Exclude if ratio is greater than 1."
NetDebtPrice,"Penman, Richardson and Tuna",2007,Net debt to price,JAR,"Long-term debt (dltt) plus debt in current liabilities (dlc) plus preferred stock (pstk) plus preferred dividends in arrears (dvpa) minus treasury stock (tstkp) minus cash and short-term investments (che), scaled by market value of equity. Exclude if SIC between 6000 and 6999, or if missing value for total assets (at), net income (ib), common shares outstanding (csho), book value of equity (ceq) or price close fiscal year (prcc\_f).  Keep only 3rd B/M Quintile, following Table 4 (and in contrast to Table 1)."
NetEquityFinance,"Bradshaw, Richardson, Sloan",2006,Net equity financing,JAE,"Sale of common stock (sstk) minus  purchase of common stock (prstkc), scaled by average total assets (at) from years t and t-1. Exclude if absolute value of ratio is greater than 1."
NetPayoutYield,Boudoukh et al.,2007,Net Payout Yield,JF,"Dividends (dvc) plus purchase of common and preferred stock (prstkc) minus sale of common and preferred stock (sstk), divided by market value of equity lagged 6 months.  Exclude if NetPayoutYield is 0, financial firm based on SIC code, ceq <= 0, or less than 2 years in CRSP"
NOA,Hirshleifer et al.,2004,Net Operating Assets,JAE,"Difference between operating assets and operating liabilities, scaled by lagged total assets. Operating assets are total assets (at) minus cash- and short-term investments (che), operating liabilities are total assets minus long-term debt (dltt), minority interest (mib), deferred charges (dc) and book equity (ceq)."
OPLeverage,Novy-Marx,2010,Operating leverage,ROF,"Sum of administrative expenses (xsga) and cost of goods sold (cogs), scaled by total assets (at).  Use xsga = 0 if xsga is missing."
OptionVolume1,Johnson and So,2012,Option to stock volume,JFE,"Total monthly option volume (volume) over all puts and calls, divided by monthly stock trading volume (vol). Exclude if price less than 1 or share code greater 11 or option volume or stock volume data are missing for the previous month."
OrderBacklog,"Rajgopal, Shevlin, Venkatachalam",2003,Order backlog,RAS,Order backlog (ob) divided by average total assets (at) in years t-1 and t. Exclude if order backlog is 0.
OrderBacklogChg,Baik and Ahn,2007,Change in order backlog,Other,Define normalized order backlog  as order backlog (ob) divided by average total assets (at) in years t-1 and t. Exclude if order backlog is 0.  Signal is normalized order backlog minus normalized order backlog one year ago.
OrgCap,Eisfeldt and Papanikolaou,2013,Organizational capital,JF,"Defined recursively. Set xsga to 0 if missing.  Initialize with OrgCap = 4*general expenses (xsga) in the first year, and calculate as .85*OrgCap previous year + xsga/gnpdeflator current year thereafter. Scale by total assets (at).  Keep only december year ends, and non-financials, and non-missing sic code.  Then winsoriz at the 1% level and standardized by subtracting the same month within-industry mean (Fama French 17 industries) and dividing by the same month within industry standard deviation of OrgCap."
OScore,Dichev,1998,O Score,JFE,"OScore = -1.32 - .407*log(at/GNP deflator) + 6.03*(lt/at) - 1.43*( (act - lct)/at) + .076*(lct/act) - 1.72*I(lt > at) - 2.37*(ib/at) - 1.83*(fopt/lt) + .285*(ib + ib$_{t-12}$ + ib$_{t-24}$ < 0) -  .521*( (ib - ib$_{t-12}$)/(abs(ib) + .abs(ib$_{t-12}$)) ). fopt = oancf if fopt is missing.  Exclude Exclude if SIC code between 3999 and 4999, or greater than 5999. Exclude if price less than 5.  Then exclude if OScore is in bottom quintile of OScore (original paper shows non-monotonic returns, as does our replication)"
PatentsRD,"Hirschleifer, Hsu and Li",2013,Patents to RD expenses,JFE,"Drop obs before 1975.  Set expenses for research and development (xrd) and number of patents (npat)  to 0 if missing. Calculate Patents to RD as patents in a year divided by $xrd_{t-2} + .8 xrd_{t-3} + .6 xrd_{t-4} + .4xrd_{t-5} + .2 xrd_{t-6}$. Drop if denominator = 0,  2 years or less in Compustat, sic in 6000s, ceq < 0.  Double independent sort using (a) size NYSE median (b) terciles of Patents to RD.  Long if in small size, highest tercile of Patents to RD, short if in small size, smallest tercile."
PayoutYield,Boudoukh et al.,2007,Payout Yield,JF,"Sum of dividends (dvc), purchase of common and preferred stock (prstkc) and max(preferred stock redemption value (pstkrv), 0) over market value of equity lagged 6 months.  Exclude if PayoutYield $\leq$ 0, financial firm based on SIC code, ceq <= 0, or less than 2 years in CRSP"
PctAcc,"Hafzalla, Lundholm, Van Winkle",2011,Percent Operating Accruals,AR,"Income before extraordinary items (ib) minus net cash flow (oancf) divided by absolute value of ib. If oancf is missing, PctAcc is defined as ( (act - act$_{t-12}$) - (che - che$_{t-12}$) - (  (lct - lct$_{t-12}$) - (dlc - dlc$_{t-12}$) - (txp - txp$_{t-12}$) - dp ) )/abs(ib). In either case, if ib is equal to 0, divide by .01 instead. Exclude if price less than 5."
PctTotAcc,"Hafzalla, Lundholm, Van Winkle",2011,Percent Total Accruals,AR,"Net income (ni) minus (purchase of common and preferred stock (prstkcc) minus sale of common and preferred stock (sstk) plus dividends (dvt), cash flow from operations (oancf), from financing (fincf) and investment (ivncf)). Scaled by absolute value of net income."
Price,Blume and Husic,1972,Price,JF,Log of absolute value of price (prc).
PriceDelayRsq,Hou and Moskowitz,2005,Price delay r square,RFS,"Each July regress stock return on day $t$ on market return in $t, t-1, \ldots, t-4$ using observations from July 1 of the previous year to June 30 of the current year.  Then regress again with no market return lags.  PriceDelay Rsq = 1 - [Rsq from second regression]/[Rsq from first regression]"
PS,Piotroski,2000,Piotroski F-score,AR,Sum of nine indicator variables which are: 1 if net income (ib) greater 0; 1 if net cash flow (oancf) greater 0; 1 if return on assets (ib/at) increased relative to previous year; 1 if net cash flow greater net income; 1 if long-term debt to assets (dltt/at) declined over the previous year;  if current assets to current liabilities (act/lct) increased over the previous year; 1 if ebit/sale (ebit = ib + txt + xint) increased over the previous year; 1 if revenue to assets increased over the previous year; 1 if shrout $\leq$ shrout last year. Include highest quintile of book-to-market only.  Exclude if missing any of the input variables.
RD,"Chan, Lakonishok and Sougiannis",2001,R&D over market cap,JF,R&D expense (xrd) over market value of equity.
RDAbility,"Cohen, Diether and Malloy",2013,R&D ability,RFS,"Regress log of sales growth (sale over sale in previous year) on log of (1+ xrd/sale) in 5 bivariate regressions with (1+xrd/sale) lagged by $1, \ldots, 5$ years. Run regressions over previous 8 years and require at least 6 non-missing observations. Also require at least half of past research and development observations to be non-zero. RDAbility is the mean of the coefficients on the five lags of log(1+xrd/sale). Set to missing if firm is not in the highest tercile of xrd/sale in a year or if reseach and development expenses are non-positive."
RDcap,Li,2011,R&D capital-to-assets,RFS,R&D capital to assets is the weighted sum of lagged R&D expenditures scaled by the assets (at). We replace xrd with 0 if xrd is missing and compute the numerator as $xrd_t + .8 xrd_{t-1}+ .6xrd_{t-2} + .4 xrd_{t-3} + .2 xrd_{t-4}$. Replace RDcap with missing before  1980 or if firm is in upper two thirds of market cap (shrout*abs(prc)) distribution in a month.
RDIPO,"Gou, Lev and Shi",2006,IPO and no R&D spending,JBFA,Binary variable equal to 1 if R&D expense (xrd) = 0 and IndIPO = 1.  0 otherwise.
RDS,Landsman et al.,2011,Real dirty surplus,AR,"Define Dirty Surplus as annual change in marketable securities adjustment msa plus annual change in retained earnings adjustment (recta) + .65 times the annual change in min(Unrecognized prior service cost (pcupsu) - Pension additional minimum liability (paddml),0). Real dirty surplus is the annual change in book equity (ceq) minus dirty surplus minus (net income (ni) minus dividends preferred (dvp)) + dividends (divamt) - end-of-fiscal-year-stock-price (prcc\_f)*annual change in common shares outstanding (csho)."
Recomm_ShortInterest,"Drake, Rees and Swanson",2011,Analyst Recommendations and Short-Interest,AR,"Go long firms in lowest quintile of short interest (shortint/shrout) and lowest quintile of analyst recommendations (monthly consensus recommendation using the most recent analyst recommendation in the past 12 months). Go short firms in highest quintile of short interest and highest quintile of analyst recommendations.  There may be issues with our use of Compustat Short Interest data, rather than exchange-purchased data used by the OP.  See note for the shortinterest signal."
ResidualMomentum,"Blitz, Huij and Martens",2011,Momentum based on FF3 residuals,JEmpFin,"Run a rolling regression over 36 months of excess return (retrf) on excess market return (mktrf), size and value factors (smb, hml) and compute idiosyncratic returns as the one-month lagged residual. ResidualMomentum is the rolling mean of the residual divided by the rolling standard deviation of the residual, both computed over the past 11 months."
retConglomerate,Cohen and Lou,2012,Conglomerate return,JFE,"Identify conglomerate firms as those with multiple OPSEG or BUSSEG entries in the Compustat segment data (and require that at least 80% of firm's total assets are covered by segment data). Compute monthly stock return at the 2-digit SIC level for stand-alone (non-conglomerate) firms only, and match those returns to conglomerates' segments. Compute weighted conglomerate return as the industry return of stand-alone companies, weighted with a conglomerate's total sales in each industry."
ReturnSkew,"Bali, Engle and Murray",2015,Return skewness,Book,Skewness of daily returns (ret) over previous month.
ReturnSkew3F,"Bali, Engle and Murray",2015,Idiosyncratic skewness (3F model),Book,"Skewness of idiosyncratic returns computed as residuals from regression of daily excess returns (ret - rf) on Fama-French factors (mktrf, smb, hml) over the previous month. We require at least 15 non-missing observations."
REV6,"Chan, Jegadeesh and Lakonishok",1996,Earnings forecast revisions,JF,"Define revisions as the change in the mean earnings estimate (meanest) for the next quarter from month t-1 to t, scaled by stock price in month t-1. REV6 is the sum of that variable from months t-6 to t."
RevenueSurprise,Jegadeesh and Livnat,2006,Revenue Surprise,JFE,Define revenue per share as quarterly revenue (revtq) divided by quarterly common shares outstanding (cshprq). RevenueSurprise is the 4-quarter change in revenue per share minus the average 4-quarter change in revenue per share over the previous 2 years. RevenueSurprise is scaled by its standard deviation over the previous 2 years. Exclude if price less than 5.
RIO_Disp,Nagel,2005,Inst Own and Forecast Dispersion,JF,"Follow RIO\_MB, except define Disp as the stdev of IBES forecasts where fpi == 1 divided by at, and sort on Disp instead of MB.  Finally, let RIO\_Disp = lagged RIO quntile if the Disp quintile >= 4."
RIO_MB,Nagel,2005,Inst Own and Market to Book,JF,"Residual institutional ownership (RIO) is defined as log(institutional ownership (instown\_perc)/(1-institutional ownership)) + 23.6 - 2.89*log(market value of equity) +.08*log(market value of equity)$^2$. Replace instown\_perc with 0 if it is missing, with .9999 if it's above .9999, and with .0001 if it's below .0001. Then lag RIO by 6 months.  Keep only stocks with size > 20th percentile across exchcd == 1 or 2.  Define MB as market cap / (ceq + txditc), where txditc = 0 if missing, and MB is replaced with missing if ceq < 0.  Then sort into quintiles based on the lagged RIO, and sort into quintiles based on MB.  Finally, let RIO\_MB = lagged RIO quintile if the MB quintile = 5."
RIO_Turnover,Nagel,2005,Inst Own and Turnover,JF,"Follow RIO\_MB, except define turnover as vol/shrout.  Let RIO\_Turnover = lagged RIO quintile if the Volatility quintile == 5"
RIO_Volatility,Nagel,2005,Inst Own and Idio Vol,JF,"Follow RIO\_MB, except define volatility as the rolling standard deviation of the last 12 months of the stock return.  Let RIO\_Disp = lagged RIO quintile if the Volatility quintile == 5"
roaq,"Balakrishnan, Bartov and Faurel",2010,Return on assets (qtrly),JAE,Quarterly net income (ibq) divided by lagged total assets (atq).
sfe,"Elgers, Lo and Pfeiffer",2001,Earnings Forecast to price,AR,"Median estimate for next year eps (fpi = 1) in March, divided by stock price from December.  Dec fiscal year ends only, keep only forecasts more than 90 days out.  Keep only below median analyst coverage each month."
ShareIss1Y,Pontiff and Woodgate,2008,Share issuance (1 year),JF,Growth in number of shares between t-18 and t-6. Number of shares is calculated as shrout/cfacshr to adjust for splits.
ShareIss5Y,Daniel and Titman,2006,Share issuance (5 year),JF,5-year growth in number of shares. Number of shares is calculated as shrout/cfacshr to adjust for splits.
ShareVol,"Datar, Naik and Radcliffe",1998,Share Volume,JFM,"Let tempvol = sum of monthly share trading volume (vol) over the previous three months, scaled by 3 times common shares outstanding (shrout).  Let ShareVol = 1 if tempvol > 10%, and ShareVol = 0 if tempvol < 5%."
Size,Banz,1981,Size,JFE,Log of monthly market value of equity (abs(prc)*shrout)).
SmileSlope,Yan,2011,Put volatility minus call volatility,JFE,"Using OptionMetrics's daily volatility surfaces (vsurfd), keep last observation each month, delta = 0.50 or -0.50, and days to expiration = 30.  The signal is then the difference between put implied vol and call implied vol."
std_turn,"Chordia, Subra, Anshuman",2001,Share turnover volatility,JFE,Standard deviation of turnover (vol/shrout) over the past 36 months.
STreversal,Jegadeesh,1989,Short term reversal,JF,Stock return (ret) over the previous month.
SurpriseRD,"Eberhart, Maxwell and Siddique",2004,Unexpected R&D increase,JF,"Binary variable equal to 1 if: R&D (xrd) scaled by revenue (revt) is positive, R&D scaled by total assets (at) is positive, annual R&D growth is greater than 5%, annual growth in R&D over total assets is greater than 5%. SurpriseRD is 0 otherwise."
tang,Hahn and Lee,2009,Tangibility,JF,"Cash and short-term investments (che) plus .715*receivables (rect) + .547*inventory (invt) + .535* property, plant and equipment (ppent), scaled by total assets (at). Only defined for manufacturing firms (SIC $\geq$ 2000 and SIC <4000). Exclude the lowest tercile of manufacturing firms by total assets."
Tax,Lev and Nissim,2004,Taxable income to income,AR,"Ratio of Taxes paid and tax share of net income. Numerator is defined as the sum of foreign (txfo) and federal (txfed) income taxes. If either one is missing, numerator is defined as total taxes (txt) minus deferred taxes (txdi). Denominator is the product of the prevailing tax rate and net income (ib). Tax rate is .48 before 1979, .46 from 1979 to 1986, .4 in 1987, .34 between 1988 and 1992 and .35 from 1993 onwards. If net income is negative, and the numerator is positive, tax is defined as 1. Exclude if price less than 5."
TotalAccruals,Richardson et al.,2005,Total accruals,JAE,"Before 1988: Change in net working capital ((act - che) - (lct - dlc)) plus change in net noncurrent assets ( (at - act - ivao) - (lt - dlc - dltt)) plus change in net financial assets ( (ivst + ivao - (dltt + dlc + pstk)). Starting in 1988: net income (ni) minus total, operating and investment cashflows (oancf, ivncf, fincf) plus stock sales minus repurchases and dividends (sstk, prstkc, dv)). Scaled by lagged total assets (at). Replace missings in ivao, ivst, dltt, dlc, pstk sstk, prstkc, dv with 0."
TrendFactor,"Han, Zhou, Zhu",2016,Trend Factor,JFE,See paper section 2.1 and 2.2
VolSD,"Chordia, Subra, Anshuman",2001,Volume Variance,JFE,Rolling standard deviation of monthly trading volume (vol) over the past 36 months (require at least 24 observations). Include only NYSE stocks.
XFIN,"Bradshaw, Richardson, Sloan",2006,Net external financing,JAE,Sale of common stock (sstk) minus dividends (dv) minus purchase of common stock (prstkc) plus long-term debt issuance (dltis) minus long-term debt reductions (dltr). Scaled by total assets (at).
zerotrade,Liu,2006,Days with zero trades,JFE,"In each month, count the number of days with no trades. Define zerotrade as the number of days without trades plus (the sum of monthly turnover (vol/shrout) divided by 48*10$^5$), multiplied by 21/number of trading days per month. Zerotrade is the 6-month average of that variable."
zerotradeAlt1,Liu,2006,Days with zero trades,JFE,"In each month, count the number of days with no trades. Define zerotrade as the number of days without trades plus (the sum of monthly turnover (vol/shrout) divided by 48*10$^5$), multiplied by 21/number of trading days per month. Take 1-month average."
zerotradeAlt12,Liu,2006,Days with zero trades,JFE,"In each month, count the number of days with no trades. Define zerotrade as the number of days without trades plus (the sum of monthly turnover (vol/shrout) divided by 48*10$^5$), multiplied by 21/number of trading days per month. Take 12-month average."
Activism2,Cremers and Nair,2005,Active shareholders,JF,"Institiutional ownership share (maxinstown\_perc) if share greater than 5 percent.  Set to missing if G is missing, or if dual share class, or if 24 minus Governance index (G) is less than 19."
AdExp,"Chan, Lakonishok and Sougiannis",2001,Advertising Expense,JF,Advertising expense (xad) over market value of equity (shrout*abs(prc))
AgeIPO,Ritter,1991,IPO and age,JF,Age is  (current year -  founding year from Jay Ritter's dataset). Exclude if IndIPO == 0.
AnalystValue,Frankel and Lee,1998,Analyst Value,JAE,"Value based on a three-stage dividend discount model and analyst forecasts, scaled by market value.  See code for details."
AOP,Frankel and Lee,1998,Analyst Optimism,JAE,"AnalystValue (defined above) minus IntrinsicValue (defined above), divided by abs(IntrinsicValue)."
Beta,Fama and MacBeth,1973,CAPM beta,JPE,Coefficient of a 60-month rolling window regression of monthly stock returns minus the riskfree rate on market return minus the risk free rate (ewretd - rf). Exclude if estimate based on less than 20 months of returns.
BetaFP,Frazzini and Pedersen,2014,Frazzini-Pedersen Beta,JFE,"Using daily data, call tempRi the sum of today's return and the past 2 days, call tempRm the sum of today's mkt return and the past 2 days mkt return.  Regress return on tempRi and tempRm using past 5 years of data, with a minimum of 3 years.  BetaFP is the square root of the r square from this regression times the ratio of the idiosyncratic stock vol and the market vol."
BidAskSpread,Amihud and Mendelsohn,1986,Bid-ask spread,JFE,Effective bid ask spread based on Corwin-Schulz scaled by stock price.
BrandInvest,"Belo, Lin and Vitorino",2014,Brand capital investment,RED,"Advertising expenses (xad) divided by BrandCapital. Brand capital is computed by the perpetual inventory method. In the first year, brand capital is advertising expense divided by (.5 + .1). In subsequent years, we let brand capital depreciate with a rate of .5 and add current advertising expenses. Brand capital is scaled by total assets (at). Set to missing if advertising expense is missing.  Drop if 1st digit of sic = 4 or 6, and keep only Dec fiscal year ends."
ConsRecomm,Barber et al.,2002,Consensus Recommendation,JF,"Binary variable if the monthly mean of recommendations (ireccd) over analysts is greater than 3, and 0 if it is less or equal than 1.5."
Coskewness,Harvey and Siddique,2000,Coskewness,JF,"Signal is the sample counterpart of $E[\tilde{r}_{it} \tilde{r}_{mt}^2]/( SD[\tilde{r}_{it} ] SD[\tilde{r}_{mt}]^2$ where $\tilde{r}_{it}$ is the de-meaned stock excess return and $\tilde{r}_{mt}$ is the de-meaned market excess return.  Signal is computed using the past 60 months of monthly data, and using the NYSE/AMEX CRSP VW index for the market (msic).  See code for details."
DebtIssuance,Spiess and Affleck-Graves,1999,Debt Issuance,JFE,Equal to 1 if debt issuance (dltis) greater 0 and 0 otherwise. Exclude if share code > 11 or missing book-to-market.
DelDRC,Prakash and Sinha,2012,Deferred Revenue,CAR,"Annual change in deferred revenue (drc) scaled by average total assets (at) in t-1 and t. Exclude if negative book equity (ceq), deferred revenue equal to 0 in both years, revenue less than 5m, or SIC code between 6000 and 6999."
DownRecomm,Barber et al.,2002,Down forecast EPS,JF,"Keep fpi = 1.  Binary variable equal to 1 if mean analyst earnings forecast for the next quarter (meanest) has improved over the previous month, and 0 otherwise."
FirmAge,Barry and Brown,1984,Firm age based on CRSP,JFE,Months since start of CRSP coverage.
FR,Franzoni and Marin,2006,Pension Funding Status,JF,"FR = (FVPA - PBO), scaled by market value of equity. FVPA is pbnaa from 1980 to 1986, pplao + pplao from 1987 to 1997, and pplao after 1997. PBO is pbnvv from 1980 to 1986, pbpro + pbpru from 1987 to 1997, and pbpro after 1997. Exclude if price less than 5 or  shrcd > 11."
GrLTNOA,"Fairfield, Whisenant and Yohn",2003,Growth in long term operating assets,AR,"Annual growth in net operating assets, minus accruals. Net operating assets are (rect + invt + ppent + aco + intan + ao- ap- lco- lo) / at. Accruals are ( rect-l12.rect + invt - l12.invt + aco - l12.aco - (ap - l12.ap + lco - l12.lco) - dp ) / ((at + l12.at)/2)"
GrSaleToGrInv,Abarbanell and Bushee,1998,Sales growth over inventory growth,AR,"Percentage growth in sales (sale) relative to average sales of t-1 and t-2, minus percentage growth in inventory (invt) relative to average inventory of t-1 and t-2. Both growth terms are calculated relative to t-1 only if t-2 is missing."
GrSaleToGrOverhead,Abarbanell and Bushee,1998,Sales growth over overhead growth,AR,"GrSaleToGrOverHead = Percentage growth in sales (sale) relative to average sales of t-1 and t-2, minus percentage growth in administrative expenses (xsga) relative to average administrative expenses of t-1 and t-2. Both growth terms are calculated relative to t-1 only if t-2 is missing."
HerfAsset,Hou and Robinson,2006,Industry concentration (assets),JF,"Three-year rolling average of the three digit industry Herfindahl index based on firm assets (at). Exclude regulated industries (4011, 4210, 4213 & year $\leq$ 1980; 4512 & year $\leq$ 1978, 4812, 4813 & year $\leq$ 1982, 4900-4999 in any year)"
High52,George and Hwang,2004,52 week high,JF,Price (prc/cfacshr) divided by the maximum price over the previous 12 months.
IO_ShortInterest,Asquith Pathak and Ritter,2005,Inst own among high short interest,JFE,"Exclude all stocks with short interest (ShortInterest) below 99th percentile. IO\_ShortInterest is institutional ownership (instown\_perc).  Keep NYSE Only.  There may be issues with our use of Compustat Short Interest data, rather than exchange-purchased data used by the OP.  See note for the ShortInterest signal."
MomOffSeason11YrPlus,Heston and Sadka,2008,Off season reversal years 11 to 15,JFE,Average return in other months over the preceding 11-15 years.
MRreversal,De Bondt and Thaler,1985,Medium-run reversal,JF,Stock return between months t-18 and t-13.
NumEarnIncrease,Loh and Warachka,2012,Earnings streak length,MS,"Number if consecutive 4-quarter increases in ibq, up to 8."
OperProf,Fama and French,2006,operating profits / book equity,JFE,"Revenue (revt) minus cost (cogs) - administrative expenses (xsga) - interest expenses (xint), scaled by book value of equity (ceq). Exclude smallest size tercile."
OperProfRD,Ball et al.,2016,Operating profitability R&D adjusted,JFE,"Revenue (revt) minus cost (cogs) - (administrative expenses (xsga) - R&D expenses (xrd)), all divided by total assets (at) in year t. Replace all variables in the numerator with 0 if they are missing. Exclude if share code is greater 11, market value of equity, BM or total assets are missing, or if SIC code between 6000 and 6999."
OptionVolume2,Johnson and So,2012,Option volume to average,JFE,Based off of OptionVolume1.  OptionVolume2 = OptionVolume1 / average of OptionVolume1 from months t-6 to t-1.
PredictedFE,Frankel and Lee,1998,Predicted Analyst forecast error,JAE,"The fitted value from cross-sectional regressions of analyst earnings' forecast errors on cross-sectional rankings of 5-year sales growth, book-to-market, AOP, and analyst long term growth.  See code for details."
PriceDelaySlope,Hou and Moskowitz,2005,Price delay coeff,RFS,"Each July regress daily stock return (ret) on market return (mktrf) in $t, t-1, \ldots, t-4$ with observations over the previous year. Define PriceDelaySlope as the ratio of ]1*beta on mktrf$_t-1$ + 2*beta on mktrf$_t-2$ + 3*beta on mktrf$_t-3$ + 4*beta on mktrf$_t-4$], and [beta on mktrf$_t$ + beta on mktrf$_t-1$ + beta on mktrf$_t-2$ + beta on mktrf$_t-3$ + beta on mktrf$_t-4$]."
PriceDelayTstat,Hou and Moskowitz,2005,Price delay SE adjusted,RFS,"Each July regress daily stock return (ret) on market return (mktrf) in $t, t-1, \ldots, t-4$ using observations from July 1 of the previous year to June 30 of the current year.  Trim the highest and lowest 1% of estimated coefficients, standard errors, and t-stats. Define PriceDelayTstat as the ratio of [1*tstat on mktrf$_t-1$ + 2*tstat on mktrf$_t-2$ + 3*tstat on mktrf$_t-3$ + 4*tstat on mktrf$_t-4$], and [tstat on mktrf$_t$ + tstat on mktrf$_t-1$ + tstat on mktrf$_t-2$ + tstat on mktrf$_t-3$ + tstat on mktrf$_t-4$].   Finally winsor the extreme 10 and 90 percentiles each month."
ProbInformedTrading,"Easley, Hvidkjaer and O'Hara",2002,Probability of Informed Trading,JF,Downloaded from Soren Hvidkjaer's website: \url{https://sites.google.com/site/hvidkjaer/data}.  Drop if in below median ME.
realestate,Tuzel,2010,Real estate holdings,RFS,"Industry-adjusted value of real estate holdings. Real estate holdings are (fatb+fatl)/ppegt if available, and (ppenb+ppenl)/ppent otherwise.  Drop firms in 2 digit sics with < 5 firm or missing at or missing both ppent and ppegt. Subtract monthly industry-mean at the 2 digit SIC level."
RoE,Haugen and Baker,1996,net income / book equity,JFE,Net income (ni) over book value of equity (ceq). Exclude if price less than 5.
ShareRepurchase,"Ikenberry, Lakonishok, Vermaelen",1995,Share repurchases,JFE,"Binary variable equal to 1 if stock repurchase indicated in cash flow statement (prstkc > 0), and 0 if prstkc = 0."
ShortInterest,Dechow et al.,2001,Short Interest,JFE,"Short-interest from Compustat (shortint) scaled by shares outstanding (shrout). Short-interest data are available bi-weekly with a four day lag. We use the mid-month observation to make sure data would be available in real time.  OP uses Asquith and Meulbroek's database, which covers all of NYSE and AMEX.  We're unsure of the quality of our Compustat data, especially since it is missing many values pre-2003.  However, the missing pre-2003 is mostly NASDAQ.  According to Rapach, Ringgenberg, and Zhou 2016, Compustat added the short interest to their dataset in 2014.  "
sinAlgo,Hong and Kacperczyk,2009,Sin Stock (selection criteria),JFE,"Using Compustat Segment data, sinAlgo is defined as a binary variable equal to 1 if at least one segment of a firm is listed as being in at least one of the following industries: sic $\geq$ 2100 & sic $\leq$ 2199, sic $\geq$2080 & sic $\leq$ 2085, NAICS in \{7132, 71312, 713210, 71329, 713290, 72112, 721120\}. As in the original paper, we assume that the sin stock indicator applies to the entire history and future of the identified firm. sinAlgo is equal to 0 if the firm is not identified in the CS Segment data as a sin stock and if the firm is in one of the following industries: (sic $\geq$ 2000 & sic $\leq$ 2046) OR (sic $\geq$ 2050 & sic $\leq$ 2063) OR (sic $\geq$ 2070 & sic $\leq$ 2079) OR (sic $\geq$ 2090 & sic $\leq$ 2092) OR (sic $\geq$ 2095 & sic $\leq$ 2099) OR (sic $\geq$ 2064 & sic $\leq$ 2068) OR (sic $\geq$ 2086 & sic $\leq$ 2087) OR (sic $\geq$  920 & sic $\leq$  999) OR (sic $\geq$ 3650 & sic $\leq$ 3652) OR sic == 3732 OR  (sic $\geq$ 3931 & sic $\leq$ 3932) OR (sic $\geq$ 3940 & sic $\leq$ 3949) OR
 (sic $\geq$ 7800 & sic $\leq$ 7833) OR (sic $\geq$ 7840 & sic $\leq$ 7841) OR
 (sic $\geq$ 7900 & sic $\leq$ 7911) OR (sic $\geq$ 7920 & sic $\leq$ 7933) OR
(sic $\geq$ 7940 & sic $\leq$ 7949) OR sic $==$ 7980 OR (sic $\geq$ 7990 & sic $\leq$ 7999)"
skew1,"Xing, Zhang and Zhao",2010,Volatility smirk near the money,JFQA,"Using OptionMetrics data, among options with duration between 10 and 60 days, implied volatility of put option with moneyness closest to but above 1 minus implied volatility of call option with moneyness closest to but below 1.  Keep only volume > 0, implied vol between 0.03 and 2.0, price > 0.125, open interest > 0."
SP,"Barbee, Mukherji and Raines",1996,Sales-to-price,FAJ,Ratio of annual sales (sale) to market value of equity.
Spinoff,"Cusatis, Miles and Woolridge",1993,Spinoffs,JFE,Spinoffs are identified as all observations in the CRSP acquisition file with valid acperm entry. Spinoff is a binary variable equal to 1 if a firm is identified in the CRSP Acquisition data and if it has at most two years of history in the CRSP stock return data. Spinoff is equal to 0 otherwise.
UpRecomm,Barber et al.,2002,Up Forecast,JF,Keep fpi = 1.  Binary variable equal to 1 if mean earnings forecast (meanest) decreased over the past month.
VarCF,Haugen and Baker,1996,Cash-flow  to price variance,JFE,Rolling variance of (ib+dp)/mve\_c over the past 60 months (minimum 24 months data required).
VolMkt,Haugen and Baker,1996,Volume to market equity,JFE,"Average monthly dollar trading volume (vol*abs(prc)) over the previous 12 months, scaled by market value of equity. Exclude if price less than 5."
VolumeTrend,Haugen and Baker,1996,Volume Trend,JFE,Rolling coefficient from regressing monthly trading volume on a linear time trend over a window of 60 months (require that at least 30 exist). Scale coefficient by 60-month average of trading volume.
BetaBDLeverage,"Adrian, Etula and Muir",2014,Broker-Dealer Leverage Beta,JF,Regress quarterly stock return minus 3 month treasury bill rate (tbillrate3m) on broker dealer leverage. Use a rolling window of 40 quarters (require at least 20 non-missing observations). BetaBDLeverage is the coefficient on broker-dealer leverage. Broker-dealer leverage is the seasonally adjusted ratio of assets (FRED series BOGZ1FL664090005Q) and liabilities (FRED series BOGZ1FL664190005Q).
BetaSquared,Fama and MacBeth,1973,CAPM beta squred,JPE,Square of Beta (defined above).
BidAskTAQ,Hou and Loh,2016,Bid-ask spread (TAQ),JFE,TAQ-based trading costs estimates (SAS code).
DelayAcct,"Callen, Khan and Lu",2013,Accounting component of price delay,CAR,"Monthly cross-sectional regression of PriceDelay on AccrualQuality, special items (si) scaled by average total assets (at) and earnings surprise (meanest - actual) scaled by its cross-sectional standard deviation. DelayAcct is the predicted value from that regression."
DelayNonAcct,"Callen, Khan and Lu",2013,Non-accounting component of price delay,CAR,"Monthly cross-sectional regression of PriceDelay on AccrualQuality, special items (si) scaled by average total assets (at) and earnings surprise (meanest - actual) scaled by its cross-sectional standard deviation. DelayNonAcct is the residual  from that regression."
DelSTI,Richardson et al.,2005,Change in short-term investment,JAE,Difference of the current and one-year lagged short-term investments (ivst) scaled by the mean of current and one-year lagged total assets (at).
DownsideBeta,"Ang, Chen and Xing",2006,Downside beta,RFS,Beta of Daily stock return (ret - rf) regressed on market return (mktrf) for days for which the market return was less than the average market return over the previous year. Rolling window of 252 trading days with at least 50 observations.
FailureProbability,"Campbell, Hilscher and Szilagyi",2008,Failure probability,JF,"Failure probability is -9.16 -.058*PRICE + .075*MB - 2.13*CASHMTA -.045*RSIZE + 1.41*IdioRisk - 7.13*EXRETAVG + 1.42*TLMTA - 20.26*NIMTAAVG. PRICE is log(min(abs(prc), 15)); MB is shrout*abs(prc)/ceqq; CASHMTA is cheq/(shrout*abs(prc) + ltq); RSIZE is log(shrout*abs(prc)/ sum of shrout*abs(prc) for the largest 500 companies each month); IdioRisk is defined above, EXRETAVG is the weighted average excess return (log(1 + ret) - log(1 + mktrf)) over the previous 12 months, with weight on month t-j being $\phi^j$ and the sum scaled by $\frac{1-\phi}{1-\phi^{12}}$; TLMTA is total liabilities (ltq/(shrout*abs(prc)); NIMTAAVG is a weighted average of net income over total assets (ibq/(shrout*abs(prc) + ltq)) over four quarters, with weight $\phi^q$ on quarter $t-q$ and the sum scaled by $\frac{1-\phi^3}{1-\phi^{12}}$. $\phi = 2^{-\frac{1}{3}}$. All input variables are winsorized at the 5th and 95th percentile. Exclude if price less than 1."
ForecastDispersionLT,"Anderson, Ghysels, and Juergens",2005,Long-term forecast dispersion,RFS,Standard deviation of earnings estimates (stdev\_est) scaled by mean earnings estimate.  Keep if ME is in the top 500 for the month to approximate S&P 500.
KZ,"Lamont, Polk and Saa-Requejo",2001,Kaplan Zingales index,RFS,-1.002* (net income (ni) + depreciation (dp))/total assets (at) + .283*(total assets (at) + market value of equity - book value of equity (ceq) - deferred taxes (txdi))/total assets (at) + 3.319*(debt in current liabilities (dlc) + long-term debt (dltt))/(debt in current liabilities + long-term debt + book value of equity) - 39.368*(Dividends (divamt)/total assets) - 1.315*(cash and short-term investments (che)/total assets). Replace txdi and divamt with 0 if missing.
rd_sale,"Chan, Lakonishok and Sougiannis",2001,R&D to sales,JF,One year lagged R&D (xrd) divided by one year lagged sales (sale).
roic,Brown and Rowe,2007,Return on invested capital,WP,"EBIT (ebit) minus non-operating income (nopi) divided by the sum of equity (ceq), liabilities (lt) and cash (che)."
WW,Whited and Wu,2006,Whited-Wu index,RFS,Group data by 3 digit SIC code and month to compute total sales (sale) by industry. Calculate the Whited-Wu index as -0.091*(income before extraordninary items (ib) + depreciation and amortizarion (dp)) / (4 * assets(at)) - 0.062( if the dividends per share (dvpsx_c) is not missing and greater than 0) + 0.021 * long-term debt (dltt) / at - 0.044 * log(at) + 0.102 * (twelve-month growth of Industry Sales) / 4 - 0.035 * (one-month growth of sales) / 4.
ZScore,Dichev,1998,Altman Z-Score,JFE,"1.2*(current assets (act) - current liabilities (lct))/total assets (at) + 1.4*(Retained earnings (re)/total assets (at)) + 3.3*(net income (ni) + interest expense (xint) + total taxes (txt))/total assets (at) +  .6*(market value of equity/Total liabilities (lt)) + revenue (revt)/ total assets (at). Include only NYSE stocks. Exclude if SIC code between 4000 and 4999, or above 5999.  Exclude if ZScore is in bottom quintile of ZScore (original paper shows non-monotonic returns, as does our replication)"
ConsNegRet,Watkins,2003,Consistently negative return,Journal of Behavioral Finance,Define consistent negative returns (ConsNegRet) as 1 if stock returns from months t to t-5 are all less than 0.
ConsPosRet,Watkins,2003,Consistently positive return,Journal of Behavioral Finance,Define consistent positive returns (ConsPosRet) as 1 if stock returns from months t to t-5 are all greater than 0.
invest,Chen and Zhang,2010,Capex and Inventory Change,"JF, but retracted","Annual change in property, plant and equipment (ppegt) plus annual change in inventory (invt), scaled by lagged total assets (at). Use ppent if ppegt is missing."
PosNegCons,Watkins,2003,Pos vs negative consistent return,Journal of Behavioral Finance,"Binary signal equal to if ConsPosRet equal to 1, and equal to 0 if CosnNegRet equal to 1."
sinOrig,Hong and Kacperczyk,2009,Sin Stock (original list),JFE,0
AbnormalAccrualsPercent,"Hafzalla, Lundholm, Van Winkle",2011,Percent Abnormal Accruals,AR,See AbnormalAccruals.  signal = AbnormalAccruals x lagged assets / absolute value of ni
AccrualQuality,"Francis, LaFond, Olsson, Schipper",2005,Accrual Quality,JAE,"Define Accruals (tempAccruals) as (difference between current assets (act) and one-year lagged current assets) - (difference between cash and short-term investments (che) and one-year lagged cash and short-term investments) - (difference between current liabilities (lct) and one-year lagged current liabilities) + (difference between debt in current liabilities (dlc) and one-year lagged debt in current liabilities) - (depreciation and amortization (dp)) all divided by (mean of total assets (at) and one-year lagged total assets ). Create tempCAcc as tempAccruals + dp/( (at + l.at)/2), tempRev as sale/( (at + l.at)/2), tempDelRev as tempRev - l.tempRev, tempPPE as ppegt/( (at + l.at)/2) where ppegt is total gross property, plant and equipment and tempCFO as ib/( (at + l.at)/2) - tempAccruals where ib is the income before extraordinary items. Run a regression for each year and industry of tempCAcc on the current value and one year lead and lag of tempDelRev and tempPPE. Save the regression residuals and replace with missing if there are not at least 20 obersvations per year and industry. Calculate accrual quality (AQ) as the standard deviation of residuals over 4 years. If more than one observation is missing set  AQ to missing. Replace AccrualQuality by the one-year lagged AQ to make sure the signal is available at time of investment."
AccrualQualityJune,"Francis, LaFond, Olsson, Schipper",2005,Accrual Quality in June,JAE,see AccrualQuality. Update only with June values for each variable.
AMq,Fama and French,1992,Total assets to market (quarterly),JF,Total assets (at) divided by market value of equity.
AssetGrowth_q,"Cooper, Gulen and Schill",2008,Asset growth quarterly,JF,Annual growth rate of total assets (at)
AssetLiquidityBook,Ortiz-Molina and Phillips,2014,Asset liquidity over book assets,JFQA,(assets (at) + 0.75*(at - short term investments(che)) + 0.5*(at- curren total assets (act) - goodwill(gdwl) - intangibles (itan)) scaled by the one-month lagged book assets (at).
AssetLiquidityBookQuart,Ortiz-Molina and Phillips,2014,Asset liquidity over book (qtrly),JFQA,(short term investments (cheq) + 0.75*(actq - short term investments(cheq)) + 0.5*(atq- curren total assets (actq) - goodwill(gdwlq) - intangibles (itanq)) scaled by the one-month lagged book assets (atq). Replace goodwill and intangibles with 0 if they are missing.
AssetLiquidityMarket,Ortiz-Molina and Phillips,2014,Asset liquidity over market,JFQA,(assets (at) + 0.75*(at - short term investments(che)) + 0.5*(at- curren total assets (act) - goodwill(gdwl) - intangibles (itan)) scaled by the one-month lagged market assets (at + end-of-fiscal-year-stock-price (prcc_f) * common shares outstanding (csho) - book equity (ceq)).
AssetLiquidityMarketQuart,Ortiz-Molina and Phillips,2014,Asset liquidity over market (qtrly),JFQA,(short term investments (cheq) + 0.75*(actq - short term investments(cheq)) + 0.5*(atq- curren total assets (actq) - goodwill(gdwlq) - intangibles (itanq)) scaled by the one-month lagged book assets (atq) + lagged closing price (prccq) times lagged common shares outstanding (cshoq) - lagged book equity (ceqq). Replace goodwill and intangibles with 0 if they are missing.
AssetTurnover,Soliman,2008,Asset Turnover,AR,"Sales (sale) divided by two year average of net operating assets. Net operating assets is the sum of receivables (rect), inventories (invt), current assets other (aco), net property, plants and equipment (ppent) and intangibles (intan), minus accounts payable (ap), other current liabilities (lco) and other liabilities (lo). Exclude if abs(prc) < 5 or AssetTurnover < 0."
AssetTurnover_q,Soliman,2008,Asset Turnover,AR,"Sales (sale) divided by two year average of net operating assets. Net operating assets is the sum of receivables (rect), inventories (invt), current assets other (aco), net property, plants and equipment (ppent) and intangibles (intan), minus accounts payable (ap), other current liabilities (lco) and other liabilities (lo). Exclude if abs(prc) < 5 or AssetTurnover < 0."
betaCC,Acharya and Pedersen,2005,Illiquidity-illiquidity beta (beta2i),JFE,see monthly Code
betaCR,Acharya and Pedersen,2005,Illiquidity-market return beta (beta4i),JFE,see monthly Code
BetaDimson,Dimson,1979,Dimson Beta,JFE,"Rolling regression of daily return (ret - rf) on the same-day, one-day ahead, and one-day lagged value of the market return (mktrf). Rolling regression with 20 observations (minimum 15). BetaDimson is the sum of the three coefficients."
betaNet,Acharya and Pedersen,2005,"Net liquidity beta (betanet,p)",JFE,see monthly Code
betaRC,Acharya and Pedersen,2005,Return-market illiquidity beta,JFE,see monthly Code
betaRR,Acharya and Pedersen,2005,Return-market return illiquidity beta,JFE,see monthly Code
BMq,"Rosenberg, Reid, and Lanstein",1985,Book to market (quarterly),JF,Log of quarterly book equity over market equity.
BookLeverageQuarterly,Fama and French,1992,Book leverage (quarterly),JF,"Total assets (atq) divided by book value of equity plus deferred taxes (txditcq) and preferred stock. Equity is shareholder equity (seqq) if available, or book equity (ceqq) plus preferred stock (pstkq), or total assets minus total liabilities (ltq)."
BrandCapital,"Belo, Lin and Vitorino",2014,Brand capital to assets,RED,"Brand capital is computed by the perpetual inventory method. In the first year, brand capital is advertising expense divided by (.5 + .1). In subsequent years, we let brand capital depreciate with a rate of .5 and add current advertising expenses. Brand capital is scaled by total assets (at). Set to missing if advertising expense is missing."
CapTurnover,Haugen and Baker,1996,Capital turnover,JFE,Lagged sales (sale) divided by two-year lagged assets (at).
CapTurnover_q,Haugen and Baker,1996,Capital turnover (quarterly),JFE,Sales (saleq) divided by one quarter lagged assets (atq).
cashdebt,Ou and Penman,1989,CF to debt,JAR,Sum of income before extraordinary items (ib) and depreciation and amortization (dp) divided by total liabilities (lt) averaged over the current and previous fiscal years.
CBOperProfLagAT,Ball et al.,2016,Cash-based oper prof lagged assets,JFE,"Revenue (revt) minus cost (cogs) - (administrative expenses (xsga) - R&D expenses (xrd))  minus annual change in receivables (rect), annual change in investment (invt) and annual change in prepaid expenses, plus annual change in current deferred revenue (drc), long-term deferred revenue (drlt), accounts payable (ap) and accrued expenses (xacc), all divided by total assets (at) in year t-1. Replace all variables in the numerator with 0 if they are missing. Exclude if share code is greater 11, market value of equity, BM or total assets are missing, or if SIC code between 6000 and 6999."
CBOperProfLagAT_q,Ball et al.,2016,Cash-based oper prof lagged assets qtrly,JFE,"Revenue (revtq) minus cost (cogsq) - (administrative expenses (xsgaq) - R&D expenses (xrdq))  minus annual change in receivables (rectq), annual change in investment (invtq) and annual change in prepaid expenses, plus annual change in current deferred revenue (drcq), long-term deferred revenue (drlt), accounts payable (apq) and accrued expenses (xaccq), all divided by total assets (atq) in previous quarter. Replace all variables in the numerator with 0 if they are missing. Exclude if share code is greater 11, market value of equity, BM or total assets are missing, or if SIC code between 6000 and 6999."
cfpq,"Desai, Rajgopal, Venkatachalam",2004,Operating Cash flows to price quarterly,AR,"Operating cash-flow (oancf) divided by market value of equity. If operating cash-flow is missing, replace by difference betwee net income (ib) and level of accruals, where the latter is the annual change in current assets (act) minus the annual change in cash and short-term investments (che), minus the annual change in current liabilities (lct) plus the annual change in debt in current liabilities (dlc) plus the annual change in payable income taxes (txp) plus depreciation (dp)."
CFq,"Lakonishok, Shleifer, Vishny",1994,Cash flow to market quarterly,JF,Net income (ib) plus depreciation (dp) divided by market equity. Exclude NASDAQ stocks.
ChangeRoA,"Balakrishnan, Bartov and Faurel",2010,Change in Return on assets,NA,Quarterly return on assets (rdq/atq) minus its value four quarters ago.
ChangeRoE,"Balakrishnan, Bartov and Faurel",2010,Change in Return on equity,NA,Quarterly return on equity (ceqq/atq) minus its value four quarters ago.
ChNCOA,Soliman,2008,Change in Noncurrent Operating Assets,AR,Twelve-month change in noncurrent operating assets. Noncurrent operating assets is ( (at - act - ivao) - (lt - dlc - dltt) )/at.
ChNCOL,Soliman,2008,Change in Noncurrent Operating Liab,AR,Twelve-month change in noncurrent operating liabilites. Noncurrent operating liabilites is (lt - dlc- dltt).
ChPM,Soliman,2008,Change in Profit Margin,AR,Annual change in profit margin PM (profit margin defined below). Exclude if price less than 5.
currat,Ou and Penman,1989,Current Ratio,JAR,"Current total assets (act) divided by current total liabilities (lct). If missing, replace current total assets by cash and short-term investments (che) plus total receivables (rect) plus total inventory (invt), and replace current total liabilities (lct) with accounts payable (ap)."
depr,Holthausen and Larcker,1992,Depreciation to PPE,JAE,"Depreciation and amortization (dp) divided by property, plant and equipment net total (ppent)."
DivYield,"Naranjo, Nimalendran, Ryngaert",1998,Dividend yield for small stocks,JF,Define tempDY as 4 times latest dividend (divamt) divided by price (prc). Define positive yield stocks as those which paid a dividend in all of the past 4 quarters.  Set DivYield to missing if stock is above the median firm size.  This procedure is based on Table 1B.
DivYieldAnn,"Naranjo, Nimalendran, Ryngaert",1998,Last year's dividends over price,NA,NA
EarningsConservatism,"Francis, LaFond, Olsson, Schipper",2004,Earnings conservatism,AR,"Earnings (ib) scaled by market capitalization (shrout*abs(prc)) regressed on the 15 month stock return from (t=-11 to t=+3), an indicator for whether that 15- month return is negative and the interaction of these two variables. Rolling regression in annual data with 10 observations. EarningsConservatism is the sum of the coefficients on the 15-month stock return and the interaction term divided by the coefficient on the 15-month stock return."
EarningsPersistence,"Francis, LaFond, Olsson, Schipper",2004,Earnings persistence,AR,Earnings per share (epspx/ajex) regressed on its value from the previous year. Rolling regression in annual data with 10 observations. EarningsPersistence is the coefficient on the lagged value.
EarningsPredictability,"Francis, LaFond, Olsson, Schipper",2004,Earnings Predictability,AR,Earnings per share (epspx/ajex) regressed on its value from the previous year. Rolling regression in annual data with 10 observations. EarningsPredictability is the R2 of this regression.
EarningsSmoothness,"Francis, LaFond, Olsson, Schipper",2004,Earnings Smoothness,AR,10-year rolling standard deviation of (ib/at) divided by 10-year rolling standard deviation of cash-flow ((ib - ( (act - act_{t-1}) - (lct - lct_{t-1}) - (che - che_{t-1}) + (dlc - dlc_{t-1}) - dp))/at_{t-1})
EarningsTimeliness,"Francis, LaFond, Olsson, Schipper",2004,Earnings timeliness,AR,"Earnings (ib) scaled by market capitalization (shrout*abs(prc)) regressed on the 15 month stock return from (t=-11 to t=+3), an indicator for whether that 15- month return is negative and the interaction of these two variables. Rolling regression in annual data with 10 observations. EarningsTimeliness is the R2 of this regression."
EarningsValueRelevance,"Francis, LaFond, Olsson, Schipper",2004,Value relevance of earnings,AR,"15 month stock return from (t=-11 to t=+3) regressed on Earnings (ib) and the change in earnings, both scaled by market capitalization (shrout*abs(prc)). Rolling regression in annual data with 10 observations. EarningsValueRelevance is the R2 of this regression."
EBM_q,"Penman, Richardson and Tuna",2007,Enterprise component of BM,JAR,(ceq + che - dltt - dlc - dc - dvpa+ tstkp ) / (mve\_c + che - dltt - dlc - dc - dvpa+ tstkp). Exclude if price less than 5.
EntMult_q,Loughran and Wellman,2011,Enterprise Multiple quarterly,JFQA,"Market value of equity + long-term debt (dltt) + debt in current liabilities (dlc) + deferred charges (dc) - cash and short-term investments (che) , divided by operating income (oibdp). Exclude if missing book equity or negative operating income."
EPq,Basu,1977,Earnings-to-Price Ratio,JF,"ib / lag(market value of equity, 6 months).  NYSE stocks only.  Exclude if EP < 0.  Lag simulates the Dec 31 market equity used in original paper"
ETR,Abarbanell and Bushee,1998,Effective Tax Rate,AR,"Let Tax be tax payments (txt) over pre-tax income (pi) and amortization of intangibles (am, 0 if missing). Let earnings per share be epspx/ajex. ETR if Tax minus the average of Tax over the previous three years multiplied by one-year EPS growth scaled by by price (prcc_f)."
FailureProbabilityJune,"Campbell, Hilscher and Szilagyi",2008,Failure probability,JF,"Failure probability is -9.16 -.058*PRICE + .075*MB - 2.13*CASHMTA -.045*RSIZE + 1.41*IdioRisk - 7.13*EXRETAVG + 1.42*TLMTA - 20.26*NIMTAAVG. PRICE is log(min(abs(prc), 15)); MB is shrout*abs(prc)/ceqq; CASHMTA is cheq/(shrout*abs(prc) + ltq); RSIZE is log(shrout*abs(prc)/ sum of shrout*abs(prc) for the largest 500 companies each month); IdioRisk is defined above, EXRETAVG is the weighted average excess return (log(1 + ret) - log(1 + mktrf)) over the previous 12 months, with weight on month t-j being $\phi^j$ and the sum scaled by $\frac{1-\phi}{1-\phi^{12}}$; TLMTA is total liabilities (ltq/(shrout*abs(prc)); NIMTAAVG is a weighted average of net income over total assets (ibq/(shrout*abs(prc) + ltq)) over four quarters, with weight $\phi^q$ on quarter $t-q$ and the sum scaled by $\frac{1-\phi^3}{1-\phi^{12}}$. $\phi = 2^{-\frac{1}{3}}$. All input variables are winsorized at the 5th and 95th percentile. Exclude if price less than 1."
fgr5yrNoLag,La Porta,1996,Long-term EPS forecast (Monthly),JF,"Long-term earnings forecast (fgr5yr).  Exclude if book equity (ceq), net income (ib), deferred taxes (txdi), dividends (dvp), revenue (sale) or depreciation (dp) is missing."
FRbook,Franzoni and Marin,2006,Pension Funding Status,JF,"FR = (FVPA - PBO), scaled by total assets (at). FVPA is pbnaa from 1980 to 1986, pplao + pplao from 1987 to 1997, and pplao after 1997. PBO is pbnvv from 1980 to 1986, pbpro + pbpru from 1987 to 1997, and pbpro after 1997. Exclude if price less than 5 or  shrcd > 11."
GPlag,Novy-Marx,2013,gross profits / total assets,JFE,"Revenue (sale) - cost of goods solds (cogs), divided by 12 months lagged total assets."
GPlag_q,Novy-Marx,2013,gross profits / total assets,JFE,"Revenue (revtq) - cost of goods solds (cogsq), divided by one quarter lagged total assets (atq)."
grcapx1y,Anderson and Garcia-Feijoo,2006,Investment growth (1 year),AR,"Growth between one-year lagged capital expenditures (capx) and two-year lagged capital expenditures. Replace capx with the one year difference in property, plant and equipment (ppent) if capx is missing and the corresponding firm age is greater or equal than two years."
GrGMToGrSales,Abarbanell and Bushee,1998,Gross margin growth to sales growth,AR,"Define gross margin GM as revenue (sale) minus cost of goods sold (cogs). GrGMToGrSales is the percentage growth of GM relative to average GM in years t-1 and t-2, minus the percentage growth of revenue relative to average revenue in years t-1 and t-2. Replace growth rates with growth relative to the previous year only if data for t-2 are not available."
GrSaleToGrReceivables,Abarbanell and Bushee,1998,Change in sales vs change in receiv,AR,"Percentage growth in sales (sale) relative to average sales of t-1 and t-2, minus percentage growth in receivables (rect) relative to average receivables of t-1 and t-2. Both growth terms are calculated relative to t-1 only if t-2 is missing."
IdioVolCAPM,Ang et al.,2006,Idiosyncratic risk (CAPM),JF,Standard deviation of residuals from CAPM regressions using the past month of daily data.  Value weighted
IdioVolQF,Ang et al.,2006,Idiosyncratic risk (q factor),JF,Standard deviation of residuals from q-factor regressions using the past month of daily data.  Value weighted
IntrinsicValue,Frankel and Lee,1998,Intrinsic or historical value,JAE,"Value based on a two-stage dividend discount model assuming ROE is remains the same as the most recent observation, scaled by market value."
KZ_q,"Lamont, Polk and Saa-Requejo",2001,Kaplan Zingales index quarterly,RFS,-1.002* (net income (ni) + depreciation (dp))/total assets (at) + .283*(total assets (at) + market value of equity - book value of equity (ceq) - deferred taxes (txdi))/total assets (at) + 3.319*(debt in current liabilities (dlc) + long-term debt (dltt))/(debt in current liabilities + long-term debt + book value of equity) - 39.368*(Dividends (divamt)/total assets) - 1.315*(cash and short-term investments (che)/total assets). Replace txdi and divamt with 0 if missing.
LaborforceEfficiency,Abarbanell and Bushee,1998,Laborforce efficiency,AR,One year growth of the ratio between sales (sale) and employment (emp).
Leverage_q,Bhandari,1988,Market leverage quarterly,JFE,Total liabilities (lt) divided by market value of equity.
nanalyst,"Elgers, Lo and Pfeiffer",2001,Number of analysts,AR,Number of estimates (numest) in IBES for one-quarter ahead earnings. Replace with 0 if missing after 1989.
NetDebtPrice_q,"Penman, Richardson and Tuna",2007,Net debt to price,JAR,"Long-term debt (dltt) plus debt in current liabilities (dlc) plus preferred stock (pstk) plus preferred dividends in arrears (dvpa) minus treasury stock (tstkp) minus cash and short-term investments (che), scaled by market value of equity. Exclude if SIC between 6000 and 6999, or if missing value for total assets (at), net income (ib), common shares outstanding (csho), book value of equity (ceq) or price close fiscal year (prcc\_f).  Keep only 3rd B/M Quintile, following Table 4 (and in contrast to Table 1)."
NetPayoutYield_q,Boudoukh et al.,2007,Net Payout Yield quarterly,JF,"Dividends (dvc) plus purchase of common and preferred stock (prstkc) minus sale of common and preferred stock (sstk), divided by market value of equity."
OperProfLag,Fama and French,2006,operating profits / book equity,JFE,"Revenue (revt) minus cost (cogs) - administrative expenses (xsga) - interest expenses (xint), scaled by lagged book value of equity (ceq). Exclude smallest size tercile."
OperProfLag_q,Fama and French,2006,operating profits / book equity,JFE,"Revenue (revtq) minus cost (cogsq) - administrative expenses (xsgaq) - interest expenses (xintq), scaled by equity. Equity is shareholder equity (seqq) if not missing. Otherwise, the sum of book equity (ceqq) and preferred stock (pstkq) if not missing. Otherwise, assets (atq) minus liabilities (ltq)."
OperProfRDLagAT,Ball et al.,2016,Oper prof R&D adj lagged assets,JFE,"Revenue (revt) minus cost (cogs) - (administrative expenses (xsga) - R&D expenses (xrd)), all divided by total assets (at) in year t-1. Replace all variables in the numerator with 0 if they are missing. Exclude if share code is greater 11, market value of equity, BM or total assets are missing, or if SIC code between 6000 and 6999."
OperProfRDLagAT_q,Ball et al.,2016,Oper prof R&D adj lagged assets (qtrly),JFE,"Revenue (revtq) minus cost (cogsq) - (administrative expenses (xsgaq) - R&D expenses (xrdq)), all divided by total assets (atq) in quarter t-1. Replace all variables in the numerator with 0 if they are missing. Exclude if share code is greater 11, market value of equity, BM or total assets are missing, or if SIC code between 6000 and 6999."
OPLeverage_q,Novy-Marx,2010,Operating leverage (qtrly),ROF,"Sum of administrative expenses (xsga) and cost of goods sold (cogs), scaled by total assets (at).  Use xsga = 0 if xsga is missing."
OrgCapNoAdj,Eisfeldt and Papanikolaou,2013,Org cap w/o industry adjustment,JF,OrgCapAdj without the industry adjustment (see OrgCapAdj).
OScore_q,Dichev,1998,O Score quarterly,JFE,"OScore = -1.32 - .407*log(at/GNP deflator) + 6.03*(lt/at) - 1.43*( (act - lct)/at) + .076*(lct/act) - 1.72*I(lt > at) - 2.37*(ib/at) - 1.83*(fopt/lt) + .285*(ib + ib$_{t-12}$ + ib$_{t-24}$ < 0) -  .521*( (ib - ib$_{t-12}$)/(abs(ib) + .abs(ib$_{t-12}$)) ). fopt = oancf if fopt is missing.  Exclude Exclude if SIC code between 3999 and 4999, or greater than 5999. Exclude if price less than 5.  Then exclude if OScore is in bottom quintile of OScore (original paper shows non-monotonic returns, as does our replication)"
PayoutYield_q,Boudoukh et al.,2007,Payout Yield quarterly,JF,"Sum of dividends (dvc), purchase of common and preferred stock (prstkc) and max(preferred stock redemption value (pstkrv), 0), divided by lag(market value of equity, 6 months).  Exclude if PayoutYield $\leq$ 0."
pchcurrat,Ou and Penman,1989,Change in Current Ratio,JAR,One year growth of the current ratio (currat) defined as current total assets (act) divided by current total liabilities (lct).
pchdepr,Holthausen and Larcker,1992,Change in depreciation to PPE,JAE,"Annual percentage change in the ratio of depreciation (dp) to property, plant and equipment (ppent)."
pchgm_pchsale,Abarbanell and Bushee,1998,Change in gross margin vs sales,AR,growth in (sale-cogs) minus growth in sale
pchquick,Ou and Penman,1989,Change in quick ratio,JAR,"One year growth in quick ratio, defined as change between total current assets (act) and inventory (invt) scaled by the total current liabilities (lct)."
pchsaleinv,Ou and Penman,1989,Change in sales to inventory,JAR,One year growth in sales (sale) to inventory (invt) ratio.
PM,Soliman,2008,Profit Margin,AR,Net income (ni) over revenue (revt). Exclude if price less than 5.
PM_q,Soliman,2008,Profit Margin,AR,Net income (ni) over revenue (revt). Exclude if price less than 5.
PS_q,Piotroski,2000,Piotroski F-score,AR,Sum of nine indicator variables which are: 1 if net income (ib) greater 0; 1 if net cash flow (oancf) greater 0; 1 if return on assets (ib/at) increased relative to previous year; 1 if net cash flow greater net income; 1 if long-term debt to assets (dltt/at) declined over the previous year;  if current assets to current liabilities (act/lct) increased over the previous year; 1 if ebit/sale (ebit = ib + txt + xint) increased over the previous year; 1 if revenue to assets increased over the previous year; 1 if shrout $\leq$ shrout last year. Include highest quintile of book-to-market only.  Exclude if missing any of the input variables.
quick,Ou and Penman,1989,Quick ratio,JAR,Difference between current total assets (act) and total inventory (invt) all divided by the current total liabilities (lct).
RD_q,"Chan, Lakonishok and Sougiannis",2001,R&D over market cap quarterly,JF,R&D expense (xrd) over market value of equity.
rd_sale_q,"Chan, Lakonishok and Sougiannis",2001,R&D to sales,JF,One year lagged quarterly R&D (xrdq) divided by one year lagged quarterly sales (saleq).
ResidualMomentum6m,"Blitz, Huij and Martens",2011,6 month residual momentum,JEmpFin,"Run a rolling regression over 36 months of excess return (retrf) on excess market return (mktrf), size and value factors (smb, hml) and compute idiosyncratic returns as the one-month lagged residual. ResidualMomentum is the rolling mean of the residual divided by the rolling standard deviation of the residual, both computed over the past 6 months."
RetNOA,Soliman,2008,Return on Net Operating Assets,AR,Net income (ni) over revenue (revt). Exclude if price less than 5.
RetNOA_q,Soliman,2008,Return on Net Operating Assets,AR,Net income (ni) over revenue (revt). Exclude if price less than 5.
ReturnSkewCAPM,"Bali, Engle and Murray",2015,Idiosyncratic skewness (CAPM),Book,Skewness of idiosyncratic returns computed as residuals from regression of daily excess returns (ret - rf) on market factor (mktrf) over the previous month. We require at least 15 non-missing observations.
ReturnSkewQF,"Bali, Engle and Murray",2015,Idiosyncratic skewness (Q model),Book,"Skewness of idiosyncratic returns computed as residuals from regression of daily excess returns (ret - rf) on q-factors (r\_mkt, r\_me, r\_ia, r\_roe) over the previous month. We require at least 15 non-missing observations. We download q-factor data from \url{http://global-q.org/index.html}."
roavol,"Francis, LaFond, Olsson, Schipper",2004,RoA volatility,AR,Rolling standard deviation of quarterly return on assets (roaq) over 4 years (minimum 2 years).
salecash,Ou and Penman,1989,Sales to cash ratio,JAR,Sales (sale) divided by cash and short-term investments (che).
saleinv,Ou and Penman,1989,Sales to inventory,JAR,Sales (sale) divded by total inventory (invt).
salerec,Ou and Penman,1989,Sales to receivables,JAR,Sales (sale) divded by total receivables (rect).
secured,Valta,2016,Secured debt,JFQA,Debt/mortgages and other secured (dm) divided by long-term liabilities (dltt) plus current liabilities (dlc). Replace with 0 if missing.
securedind,Valta,2016,Secured debt indicator,JFQA,"Binary version of secured. 1 if secured greater than 0, 0 otherwise."
sgr,"Lakonishok, Shleifer, Vishny",1994,Annual sales growth,JF,Sales (sale) relative to t-1.
sgr_q,"Lakonishok, Shleifer, Vishny",1994,Annual sales growth quarterly,JF,Sales (sale) relative to t-1.
SP_q,"Barbee, Mukherji and Raines",1996,Sales-to-price quarterly,FAJ,Ratio of annual sales (sale) to market value of equity.
tang_q,Hahn and Lee,2009,Tangibility quarterly,JF,"Cash and short-term investments (che) plus .715*receivables (rect) + .547*inventory (invt) + .535* property, plant and equipment (ppent), scaled by total assets (at). Only defined for manufacturing firms (SIC $\geq$ 2000 and SIC <4000). Exclude the lowest tercile of manufacturing firms by total assets."
Tax_q,Lev and Nissim,2004,Taxable income to income (qtrly),AR,"Ratio of Taxes paid and tax share of net income. Numerator is defined as the sum of foreign (txfo) and federal (txfed) income taxes. If either one is missing, numerator is defined as total taxes (txt) minus deferred taxes (txdi). Denominator is the product of the prevailing tax rate and net income (ib). Tax rate is .48 before 1979, .46 from 1979 to 1986, .4 in 1987, .34 between 1988 and 1992 and .35 from 1993 onwards. If net income is negative, and the numerator is positive, tax is defined as 1. Exclude if price less than 5."
WW_Q,Whited and Wu,2006,Whited-Wu index,RFS,Group data by 3 digit SIC code and month to compute total sales (saleq) by industry. Calculate the Whited-Wu index as -0.091*(quarterly income before extraordninary items (ibq) + quarterly depreciation and amortizarion (dpq)) / (quarterly assets(atq)) - 0.062( if the quarterly dividends per share (dvpsxq) is not missing and greater than 0) + 0.021 * quarterly long-term debt (dlttq) / atq - 0.044 * log(atq) + 0.102 * (four-quarter growth of quarterly Industry Sales) - 0.035 * (one-quarter growth of quarterly sales (saleq)).
ZScore_q,Dichev,1998,Altman Z-Score quarterly,JFE,"1.2*(current assets (act) - current liabilities (lct))/total assets (at) + 1.4*(Retained earnings (re)/total assets (at)) + 3.3*(net income (ni) + interest expense (xint) + total taxes (txt))/total assets (at) +  .6*(market value of equity/Total liabilities (lt)) + revenue (revt)/ total assets (at). Include only NYSE stocks. Exclude if SIC code between 4000 and 4999, or above 5999.  Exclude if ZScore is in bottom quintile of ZScore (original paper shows non-monotonic returns, as does our replication)"
